{
  "generator-jhipster": {
    "jhipsterVersion": "3.4.0",
    "baseName": "jhipsterRegistry",
    "packageName": "io.github.jhipster.registry",
    "packageFolder": "io/github/jhipster/registry",
    "authenticationType": "jwt",
    "hibernateCache": "no",
    "clusteredHttpSession": "no",
    "websocket": "no",
    "databaseType": "no",
    "devDatabaseType": "no",
    "prodDatabaseType": "no",
    "searchEngine": "no",
    "buildTool": "maven",
    "enableSocialSignIn": false,
    "useSass": false,
    "enableTranslation": false,
    "applicationType": "microservice",
    "testFrameworks": [],
    "jhiPrefix": "jhi",
    "skipClient": true,
    "skipUserManagement": true,
    "serverPort": "8080",
    "jwtSecretKey": "c9d37cefc48581919939d587c750ea215020765b"
  }
}